,url,sentiment,isExperiential,isPolitical,isInsult,topics
1375781448662269954,"https://docs.google.com/forms/d/e/1FAIpQLSffZugycOX3tUHW3uGhn5Cw0pj0fJDeIQf5oJ3EzZ-2vuj6Gg/viewform?entry.1274744182=https://twitter.com/nasuhbektas/status/1375781448662269954&entry.653903203=26617&usp=pp_url
",Neutral,No,Yes,Yes,['News']
1565827079182098438,"https://docs.google.com/forms/d/e/1FAIpQLSffZugycOX3tUHW3uGhn5Cw0pj0fJDeIQf5oJ3EzZ-2vuj6Gg/viewform?entry.1274744182=https://twitter.com/chanyalcnkaya/status/1565827079182098438&entry.653903203=26617&usp=pp_url
",Positive,Yes,Yes,Yes,"['Democracy', 'Election']"
1596913997189910528,"https://docs.google.com/forms/d/e/1FAIpQLSffZugycOX3tUHW3uGhn5Cw0pj0fJDeIQf5oJ3EzZ-2vuj6Gg/viewform?entry.1274744182=https://twitter.com/Ziraate15bin/status/1596913997189910528&entry.653903203=26617&usp=pp_url
",Positive,Yes,Yes,Yes,"['News', 'Democracy', 'Election', 'Nationalsecurity']"
1598019748507578368,"https://docs.google.com/forms/d/e/1FAIpQLSffZugycOX3tUHW3uGhn5Cw0pj0fJDeIQf5oJ3EzZ-2vuj6Gg/viewform?entry.1274744182=https://twitter.com/Muratibrahim34/status/1598019748507578368&entry.653903203=26617&usp=pp_url
",Negative,Yes,Yes,Yes,"['News', 'Democracy', 'Crime&justice', 'Nationalsecurity']"
1588957357945786369,"https://docs.google.com/forms/d/e/1FAIpQLSffZugycOX3tUHW3uGhn5Cw0pj0fJDeIQf5oJ3EzZ-2vuj6Gg/viewform?entry.1274744182=https://twitter.com/polatgdogu/status/1588957357945786369&entry.653903203=26617&usp=pp_url
",Neutral,Yes,Yes,Yes,"['Nationalsecurity', 'Minorities&discrimination']"
1597334233470898176,"https://docs.google.com/forms/d/e/1FAIpQLSffZugycOX3tUHW3uGhn5Cw0pj0fJDeIQf5oJ3EzZ-2vuj6Gg/viewform?entry.1274744182=https://twitter.com/cemkayali1977/status/1597334233470898176&entry.653903203=26617&usp=pp_url
",Negative,Yes,Yes,Yes,"['News', 'Election', 'Terrorism', 'Nationalsecurity']"
1588915997859545089,"https://docs.google.com/forms/d/e/1FAIpQLSffZugycOX3tUHW3uGhn5Cw0pj0fJDeIQf5oJ3EzZ-2vuj6Gg/viewform?entry.1274744182=https://twitter.com/MalcokFatih/status/1588915997859545089&entry.653903203=26617&usp=pp_url
",Negative,Yes,Yes,Yes,"['News', 'Nationalsecurity']"
1444926725683662849,"https://docs.google.com/forms/d/e/1FAIpQLSffZugycOX3tUHW3uGhn5Cw0pj0fJDeIQf5oJ3EzZ-2vuj6Gg/viewform?entry.1274744182=https://twitter.com/Oduncu84931459/status/1444926725683662849&entry.653903203=26617&usp=pp_url
",Negative,Yes,Yes,Yes,"['News', 'Nationalsecurity']"
1403771880985800711,"https://docs.google.com/forms/d/e/1FAIpQLSffZugycOX3tUHW3uGhn5Cw0pj0fJDeIQf5oJ3EzZ-2vuj6Gg/viewform?entry.1274744182=https://twitter.com/CryptoSopranoo/status/1403771880985800711&entry.653903203=26617&usp=pp_url
",Positive,Yes,No,No,"['News', 'Economy']"
1588492119488233472,"https://docs.google.com/forms/d/e/1FAIpQLSffZugycOX3tUHW3uGhn5Cw0pj0fJDeIQf5oJ3EzZ-2vuj6Gg/viewform?entry.1274744182=https://twitter.com/DogsComputerCh1/status/1588492119488233472&entry.653903203=26617&usp=pp_url
",Negative,Yes,Yes,Yes,"['News', 'Crime&justice', 'Terrorism', 'Nationalsecurity']"
1388235183653011462,"https://docs.google.com/forms/d/e/1FAIpQLSffZugycOX3tUHW3uGhn5Cw0pj0fJDeIQf5oJ3EzZ-2vuj6Gg/viewform?entry.1274744182=https://twitter.com/tbzoc/status/1388235183653011462&entry.653903203=26617&usp=pp_url
",Neutral,No,No,No,['Sports']
1588568792984346624,"https://docs.google.com/forms/d/e/1FAIpQLSffZugycOX3tUHW3uGhn5Cw0pj0fJDeIQf5oJ3EzZ-2vuj6Gg/viewform?entry.1274744182=https://twitter.com/Maviruh_/status/1588568792984346624&entry.653903203=26617&usp=pp_url
",Neutral,Yes,Yes,Yes,['Education']
1395669357645209602,"https://docs.google.com/forms/d/e/1FAIpQLSffZugycOX3tUHW3uGhn5Cw0pj0fJDeIQf5oJ3EzZ-2vuj6Gg/viewform?entry.1274744182=https://twitter.com/jungkookorjk/status/1395669357645209602&entry.653903203=26617&usp=pp_url
",Neutral,Yes,No,No,"['Music&TV', 'News']"
1593650643041918978,"https://docs.google.com/forms/d/e/1FAIpQLSffZugycOX3tUHW3uGhn5Cw0pj0fJDeIQf5oJ3EzZ-2vuj6Gg/viewform?entry.1274744182=https://twitter.com/helyalina/status/1593650643041918978&entry.653903203=26617&usp=pp_url
",Neutral,Yes,Yes,Yes,"['Terrorism', 'Nationalsecurity', 'Foreignpolicy']"
1583749765694906368,"https://docs.google.com/forms/d/e/1FAIpQLSffZugycOX3tUHW3uGhn5Cw0pj0fJDeIQf5oJ3EzZ-2vuj6Gg/viewform?entry.1274744182=https://twitter.com/Lavin94453679/status/1583749765694906368&entry.653903203=26617&usp=pp_url
",Negative,Yes,Yes,Yes,"['News', 'Democracy', 'Election']"
1593643382257188864,"https://docs.google.com/forms/d/e/1FAIpQLSffZugycOX3tUHW3uGhn5Cw0pj0fJDeIQf5oJ3EzZ-2vuj6Gg/viewform?entry.1274744182=https://twitter.com/gkedaa/status/1593643382257188864&entry.653903203=26617&usp=pp_url
",Neutral,Yes,Yes,Yes,"['Unemployment', 'Education']"
1597897371677265920,"https://docs.google.com/forms/d/e/1FAIpQLSffZugycOX3tUHW3uGhn5Cw0pj0fJDeIQf5oJ3EzZ-2vuj6Gg/viewform?entry.1274744182=https://twitter.com/LeVixit/status/1597897371677265920&entry.653903203=26617&usp=pp_url
",Neutral,No,Yes,Yes,"['News', 'Corruption', 'Nationalsecurity']"
1587879005721706497,"https://docs.google.com/forms/d/e/1FAIpQLSffZugycOX3tUHW3uGhn5Cw0pj0fJDeIQf5oJ3EzZ-2vuj6Gg/viewform?entry.1274744182=https://twitter.com/ReyhanErten5/status/1587879005721706497&entry.653903203=26617&usp=pp_url
",Neutral,No,Yes,Yes,['Crime&justice']
1551163840368414722,"https://docs.google.com/forms/d/e/1FAIpQLSffZugycOX3tUHW3uGhn5Cw0pj0fJDeIQf5oJ3EzZ-2vuj6Gg/viewform?entry.1274744182=https://twitter.com/SED58417690/status/1551163840368414722&entry.653903203=26617&usp=pp_url
",Positive,Yes,Yes,Yes,"['News', 'Education', 'Democracy']"
1597636855067181059,"https://docs.google.com/forms/d/e/1FAIpQLSffZugycOX3tUHW3uGhn5Cw0pj0fJDeIQf5oJ3EzZ-2vuj6Gg/viewform?entry.1274744182=https://twitter.com/MuratKoseMamak/status/1597636855067181059&entry.653903203=26617&usp=pp_url
",Negative,Yes,Yes,Yes,"['Corruption', 'Crime&justice']"
1595839569081122816,"https://docs.google.com/forms/d/e/1FAIpQLSffZugycOX3tUHW3uGhn5Cw0pj0fJDeIQf5oJ3EzZ-2vuj6Gg/viewform?entry.1274744182=https://twitter.com/elifGm91571989/status/1595839569081122816&entry.653903203=26617&usp=pp_url
",Neutral,Yes,No,No,['Music&TV']
1568714098241687552,"https://docs.google.com/forms/d/e/1FAIpQLSffZugycOX3tUHW3uGhn5Cw0pj0fJDeIQf5oJ3EzZ-2vuj6Gg/viewform?entry.1274744182=https://twitter.com/batukoy/status/1568714098241687552&entry.653903203=26617&usp=pp_url
",Negative,Yes,No,Yes,"['News', 'Economy']"
1425702359380922368,"https://docs.google.com/forms/d/e/1FAIpQLSffZugycOX3tUHW3uGhn5Cw0pj0fJDeIQf5oJ3EzZ-2vuj6Gg/viewform?entry.1274744182=https://twitter.com/Mustafa_1681/status/1425702359380922368&entry.653903203=26617&usp=pp_url
",Positive,Yes,No,No,['Sports']
1364675204321001480,"https://docs.google.com/forms/d/e/1FAIpQLSffZugycOX3tUHW3uGhn5Cw0pj0fJDeIQf5oJ3EzZ-2vuj6Gg/viewform?entry.1274744182=https://twitter.com/melisasilvaa/status/1364675204321001480&entry.653903203=26617&usp=pp_url
",Positive,No,No,No,['Sports']
1588192708417527809,"https://docs.google.com/forms/d/e/1FAIpQLSffZugycOX3tUHW3uGhn5Cw0pj0fJDeIQf5oJ3EzZ-2vuj6Gg/viewform?entry.1274744182=https://twitter.com/sbkabd2/status/1588192708417527809&entry.653903203=26617&usp=pp_url
",Neutral,Yes,Yes,No,"['Unemployment', 'Education']"
1595478503927037972,"https://docs.google.com/forms/d/e/1FAIpQLSffZugycOX3tUHW3uGhn5Cw0pj0fJDeIQf5oJ3EzZ-2vuj6Gg/viewform?entry.1274744182=https://twitter.com/Kemal08131613/status/1595478503927037972&entry.653903203=26617&usp=pp_url
",Neutral,Yes,Yes,No,['Economy']
1594242562537443331,"https://docs.google.com/forms/d/e/1FAIpQLSffZugycOX3tUHW3uGhn5Cw0pj0fJDeIQf5oJ3EzZ-2vuj6Gg/viewform?entry.1274744182=https://twitter.com/300ccc300/status/1594242562537443331&entry.653903203=26617&usp=pp_url
",Negative,Yes,Yes,Yes,"['News', 'Crime&justice']"
1375802325412020227,"https://docs.google.com/forms/d/e/1FAIpQLSffZugycOX3tUHW3uGhn5Cw0pj0fJDeIQf5oJ3EzZ-2vuj6Gg/viewform?entry.1274744182=https://twitter.com/KU_Bilim/status/1375802325412020227&entry.653903203=26617&usp=pp_url
",Neutral,No,No,No,['Advertisement']
1427746815420604417,"https://docs.google.com/forms/d/e/1FAIpQLSffZugycOX3tUHW3uGhn5Cw0pj0fJDeIQf5oJ3EzZ-2vuj6Gg/viewform?entry.1274744182=https://twitter.com/venxzhan/status/1427746815420604417&entry.653903203=26617&usp=pp_url
",Negative,Yes,No,Yes,['Music&TV']
1435953064310198280,"https://docs.google.com/forms/d/e/1FAIpQLSffZugycOX3tUHW3uGhn5Cw0pj0fJDeIQf5oJ3EzZ-2vuj6Gg/viewform?entry.1274744182=https://twitter.com/ekilesi/status/1435953064310198280&entry.653903203=26617&usp=pp_url
",Positive,Yes,Yes,Yes,"['News', 'Democracy', 'Election']"
1436451657177513986,"https://docs.google.com/forms/d/e/1FAIpQLSffZugycOX3tUHW3uGhn5Cw0pj0fJDeIQf5oJ3EzZ-2vuj6Gg/viewform?entry.1274744182=https://twitter.com/WelcomeToCnYt/status/1436451657177513986&entry.653903203=26617&usp=pp_url
",Neutral,Yes,No,No,['Music&TV']
1596763432598269954,"https://docs.google.com/forms/d/e/1FAIpQLSffZugycOX3tUHW3uGhn5Cw0pj0fJDeIQf5oJ3EzZ-2vuj6Gg/viewform?entry.1274744182=https://twitter.com/Yusuf24001365/status/1596763432598269954&entry.653903203=26617&usp=pp_url
",Negative,Yes,Yes,Yes,"['News', 'Democracy', 'Election', 'Immigration&refugees', 'Minorities&discrimination']"
1558772057726492672,"https://docs.google.com/forms/d/e/1FAIpQLSffZugycOX3tUHW3uGhn5Cw0pj0fJDeIQf5oJ3EzZ-2vuj6Gg/viewform?entry.1274744182=https://twitter.com/Abdulla48930214/status/1558772057726492672&entry.653903203=26617&usp=pp_url
",Neutral,Yes,Yes,Yes,"['Unemployment', 'Health']"
1373951306054963203,"https://docs.google.com/forms/d/e/1FAIpQLSffZugycOX3tUHW3uGhn5Cw0pj0fJDeIQf5oJ3EzZ-2vuj6Gg/viewform?entry.1274744182=https://twitter.com/biricikbeyaz/status/1373951306054963203&entry.653903203=26617&usp=pp_url
",Positive,Yes,No,Yes,"['Religion', 'News']"
1575191375548600320,"https://docs.google.com/forms/d/e/1FAIpQLSffZugycOX3tUHW3uGhn5Cw0pj0fJDeIQf5oJ3EzZ-2vuj6Gg/viewform?entry.1274744182=https://twitter.com/nalc_rabia/status/1575191375548600320&entry.653903203=26617&usp=pp_url
",Neutral,Yes,Yes,No,"['News', 'Economy', 'Unemployment']"
1583394585371234304,"https://docs.google.com/forms/d/e/1FAIpQLSffZugycOX3tUHW3uGhn5Cw0pj0fJDeIQf5oJ3EzZ-2vuj6Gg/viewform?entry.1274744182=https://twitter.com/hakankaleli/status/1583394585371234304&entry.653903203=26617&usp=pp_url
",Negative,Yes,Yes,Yes,"['Election', 'Immigration&refugees', 'Minorities&discrimination']"
1550489937652457476,"https://docs.google.com/forms/d/e/1FAIpQLSffZugycOX3tUHW3uGhn5Cw0pj0fJDeIQf5oJ3EzZ-2vuj6Gg/viewform?entry.1274744182=https://twitter.com/DndTanr1/status/1550489937652457476&entry.653903203=26617&usp=pp_url
",Neutral,No,Yes,No,['Foreignpolicy']
1571966189764579332,"https://docs.google.com/forms/d/e/1FAIpQLSffZugycOX3tUHW3uGhn5Cw0pj0fJDeIQf5oJ3EzZ-2vuj6Gg/viewform?entry.1274744182=https://twitter.com/ghostsolgiers/status/1571966189764579332&entry.653903203=26617&usp=pp_url
",Negative,Yes,Yes,Yes,"['News', 'Education']"
1367571642604544000,"https://docs.google.com/forms/d/e/1FAIpQLSffZugycOX3tUHW3uGhn5Cw0pj0fJDeIQf5oJ3EzZ-2vuj6Gg/viewform?entry.1274744182=https://twitter.com/BakiDiren/status/1367571642604544000&entry.653903203=26617&usp=pp_url
",Positive,Yes,No,No,"['Advertisement', 'News', 'Inflation&poverty']"
1585204799582384129,"https://docs.google.com/forms/d/e/1FAIpQLSffZugycOX3tUHW3uGhn5Cw0pj0fJDeIQf5oJ3EzZ-2vuj6Gg/viewform?entry.1274744182=https://twitter.com/ahi04267658/status/1585204799582384129&entry.653903203=26617&usp=pp_url
",Neutral,No,Yes,No,"['Democracy', 'Election', 'Foreignpolicy']"
1596147426670571520,"https://docs.google.com/forms/d/e/1FAIpQLSffZugycOX3tUHW3uGhn5Cw0pj0fJDeIQf5oJ3EzZ-2vuj6Gg/viewform?entry.1274744182=https://twitter.com/Alya5101/status/1596147426670571520&entry.653903203=26617&usp=pp_url
",Neutral,Yes,Yes,No,['News']
1562040771506757634,"https://docs.google.com/forms/d/e/1FAIpQLSffZugycOX3tUHW3uGhn5Cw0pj0fJDeIQf5oJ3EzZ-2vuj6Gg/viewform?entry.1274744182=https://twitter.com/CeyoTeyo111/status/1562040771506757634&entry.653903203=26617&usp=pp_url
",Negative,Yes,Yes,Yes,"['News', 'Election']"
1587694921431060481,"https://docs.google.com/forms/d/e/1FAIpQLSffZugycOX3tUHW3uGhn5Cw0pj0fJDeIQf5oJ3EzZ-2vuj6Gg/viewform?entry.1274744182=https://twitter.com/CekerErkan/status/1587694921431060481&entry.653903203=26617&usp=pp_url
",Negative,Yes,Yes,Yes,"['Corruption', 'Democracy', 'Election']"
1569589330544398336,"https://docs.google.com/forms/d/e/1FAIpQLSffZugycOX3tUHW3uGhn5Cw0pj0fJDeIQf5oJ3EzZ-2vuj6Gg/viewform?entry.1274744182=https://twitter.com/AhSuCilginUzman/status/1569589330544398336&entry.653903203=26617&usp=pp_url
",Negative,Yes,Yes,Yes,"['News', 'Unemployment', 'Terrorism']"
1576653232323317760,"https://docs.google.com/forms/d/e/1FAIpQLSffZugycOX3tUHW3uGhn5Cw0pj0fJDeIQf5oJ3EzZ-2vuj6Gg/viewform?entry.1274744182=https://twitter.com/beththemac/status/1576653232323317760&entry.653903203=26617&usp=pp_url
",Negative,Yes,Yes,No,"['News', 'Unemployment', 'Health']"
1357951159953145856,"https://docs.google.com/forms/d/e/1FAIpQLSffZugycOX3tUHW3uGhn5Cw0pj0fJDeIQf5oJ3EzZ-2vuj6Gg/viewform?entry.1274744182=https://twitter.com/drahmetrasim/status/1357951159953145856&entry.653903203=26617&usp=pp_url
",Neutral,No,No,No,"['News', 'Health']"
1382853161405329411,"https://docs.google.com/forms/d/e/1FAIpQLSffZugycOX3tUHW3uGhn5Cw0pj0fJDeIQf5oJ3EzZ-2vuj6Gg/viewform?entry.1274744182=https://twitter.com/Bahtiya25086408/status/1382853161405329411&entry.653903203=26617&usp=pp_url
",Neutral,No,No,No,"['Music&TV', 'Advertisement', 'News']"
1583477966373543936,"https://docs.google.com/forms/d/e/1FAIpQLSffZugycOX3tUHW3uGhn5Cw0pj0fJDeIQf5oJ3EzZ-2vuj6Gg/viewform?entry.1274744182=https://twitter.com/tr3424910214991/status/1583477966373543936&entry.653903203=26617&usp=pp_url
",Negative,Yes,Yes,Yes,"['Democracy', 'Election', 'Crime&justice', 'Immigration&refugees', 'Nationalsecurity']"
1355177928926101511,"https://docs.google.com/forms/d/e/1FAIpQLSffZugycOX3tUHW3uGhn5Cw0pj0fJDeIQf5oJ3EzZ-2vuj6Gg/viewform?entry.1274744182=https://twitter.com/burakdemirci32/status/1355177928926101511&entry.653903203=26617&usp=pp_url
",Neutral,No,No,No,['News']
1374101396711116802,"https://docs.google.com/forms/d/e/1FAIpQLSffZugycOX3tUHW3uGhn5Cw0pj0fJDeIQf5oJ3EzZ-2vuj6Gg/viewform?entry.1274744182=https://twitter.com/by_typewriter/status/1374101396711116802&entry.653903203=26617&usp=pp_url
",Positive,Yes,Yes,No,"['Religion', 'News']"
1585634359612420101,"https://docs.google.com/forms/d/e/1FAIpQLSffZugycOX3tUHW3uGhn5Cw0pj0fJDeIQf5oJ3EzZ-2vuj6Gg/viewform?entry.1274744182=https://twitter.com/mustafasenol45/status/1585634359612420101&entry.653903203=26617&usp=pp_url
",Neutral,Yes,Yes,No,"['News', 'Democracy', 'Election']"
1394625237690503168,"https://docs.google.com/forms/d/e/1FAIpQLSffZugycOX3tUHW3uGhn5Cw0pj0fJDeIQf5oJ3EzZ-2vuj6Gg/viewform?entry.1274744182=https://twitter.com/hklsnrabia/status/1394625237690503168&entry.653903203=26617&usp=pp_url
",Neutral,Yes,No,No,"['Music&TV', 'News']"
1592064209915117569,"https://docs.google.com/forms/d/e/1FAIpQLSffZugycOX3tUHW3uGhn5Cw0pj0fJDeIQf5oJ3EzZ-2vuj6Gg/viewform?entry.1274744182=https://twitter.com/BuketGner/status/1592064209915117569&entry.653903203=26617&usp=pp_url
",Negative,Yes,Yes,Yes,"['News', 'Terrorism', 'Minorities&discrimination']"
1588284008504299520,"https://docs.google.com/forms/d/e/1FAIpQLSffZugycOX3tUHW3uGhn5Cw0pj0fJDeIQf5oJ3EzZ-2vuj6Gg/viewform?entry.1274744182=https://twitter.com/kenan_akila/status/1588284008504299520&entry.653903203=26617&usp=pp_url
",Positive,Yes,Yes,No,"['News', 'Unemployment', 'Democracy']"
1364135022823944192,"https://docs.google.com/forms/d/e/1FAIpQLSffZugycOX3tUHW3uGhn5Cw0pj0fJDeIQf5oJ3EzZ-2vuj6Gg/viewform?entry.1274744182=https://twitter.com/HalukyY/status/1364135022823944192&entry.653903203=26617&usp=pp_url
",Positive,Yes,Yes,No,"['News', 'Crime&justice']"
1572327037574041602,"https://docs.google.com/forms/d/e/1FAIpQLSffZugycOX3tUHW3uGhn5Cw0pj0fJDeIQf5oJ3EzZ-2vuj6Gg/viewform?entry.1274744182=https://twitter.com/ozguradamTurk/status/1572327037574041602&entry.653903203=26617&usp=pp_url
",Neutral,Yes,Yes,No,"['News', 'Election', 'Nationalsecurity', 'Foreignpolicy']"
1598001470951288832,"https://docs.google.com/forms/d/e/1FAIpQLSffZugycOX3tUHW3uGhn5Cw0pj0fJDeIQf5oJ3EzZ-2vuj6Gg/viewform?entry.1274744182=https://twitter.com/Muharre06139468/status/1598001470951288832&entry.653903203=26617&usp=pp_url
",Negative,Yes,Yes,Yes,"['News', 'Economy', 'Democracy', 'Election']"
1589003458950008832,"https://docs.google.com/forms/d/e/1FAIpQLSffZugycOX3tUHW3uGhn5Cw0pj0fJDeIQf5oJ3EzZ-2vuj6Gg/viewform?entry.1274744182=https://twitter.com/alco_secil/status/1589003458950008832&entry.653903203=26617&usp=pp_url
",Neutral,Yes,Yes,No,"['Economy', 'Unemployment', 'Education']"
1583371535708217346,"https://docs.google.com/forms/d/e/1FAIpQLSffZugycOX3tUHW3uGhn5Cw0pj0fJDeIQf5oJ3EzZ-2vuj6Gg/viewform?entry.1274744182=https://twitter.com/asena93843322/status/1583371535708217346&entry.653903203=26617&usp=pp_url
",Neutral,Yes,Yes,No,"['Election', 'Crime&justice']"
1565312596135354373,"https://docs.google.com/forms/d/e/1FAIpQLSffZugycOX3tUHW3uGhn5Cw0pj0fJDeIQf5oJ3EzZ-2vuj6Gg/viewform?entry.1274744182=https://twitter.com/Nursela60044416/status/1565312596135354373&entry.653903203=26617&usp=pp_url
",Positive,Yes,Yes,No,"['Education', 'Democracy', 'Election']"
1585534006904455168,"https://docs.google.com/forms/d/e/1FAIpQLSffZugycOX3tUHW3uGhn5Cw0pj0fJDeIQf5oJ3EzZ-2vuj6Gg/viewform?entry.1274744182=https://twitter.com/aydinmsavas/status/1585534006904455168&entry.653903203=26617&usp=pp_url
",Positive,Yes,No,No,"['Terrorism', 'Nationalsecurity']"
1585184052730302464,"https://docs.google.com/forms/d/e/1FAIpQLSffZugycOX3tUHW3uGhn5Cw0pj0fJDeIQf5oJ3EzZ-2vuj6Gg/viewform?entry.1274744182=https://twitter.com/mge_kurt/status/1585184052730302464&entry.653903203=26617&usp=pp_url
",Positive,Yes,Yes,No,"['News', 'Democracy', 'Election']"
1368640076129972225,"https://docs.google.com/forms/d/e/1FAIpQLSffZugycOX3tUHW3uGhn5Cw0pj0fJDeIQf5oJ3EzZ-2vuj6Gg/viewform?entry.1274744182=https://twitter.com/BurakSAL14/status/1368640076129972225&entry.653903203=26617&usp=pp_url
",Positive,Yes,Yes,No,"['Music&TV', 'Nationalsecurity']"
1596176251919958020,"https://docs.google.com/forms/d/e/1FAIpQLSffZugycOX3tUHW3uGhn5Cw0pj0fJDeIQf5oJ3EzZ-2vuj6Gg/viewform?entry.1274744182=https://twitter.com/veisoglu/status/1596176251919958020&entry.653903203=26617&usp=pp_url
",Positive,Yes,No,No,"['News', 'Economy']"
1595871258985615361,"https://docs.google.com/forms/d/e/1FAIpQLSffZugycOX3tUHW3uGhn5Cw0pj0fJDeIQf5oJ3EzZ-2vuj6Gg/viewform?entry.1274744182=https://twitter.com/s_061974/status/1595871258985615361&entry.653903203=26617&usp=pp_url
",Neutral,Yes,Yes,No,"['News', 'Corruption', 'Education']"
1596202458732453888,"https://docs.google.com/forms/d/e/1FAIpQLSffZugycOX3tUHW3uGhn5Cw0pj0fJDeIQf5oJ3EzZ-2vuj6Gg/viewform?entry.1274744182=https://twitter.com/EmineKa06241081/status/1596202458732453888&entry.653903203=26617&usp=pp_url
",Neutral,Yes,No,No,"['Religion', 'News']"
1589195256897339392,"https://docs.google.com/forms/d/e/1FAIpQLSffZugycOX3tUHW3uGhn5Cw0pj0fJDeIQf5oJ3EzZ-2vuj6Gg/viewform?entry.1274744182=https://twitter.com/myasarasik64/status/1589195256897339392&entry.653903203=26617&usp=pp_url
",Negative,Yes,Yes,Yes,"['News', 'Economy']"
1596471604950835200,"https://docs.google.com/forms/d/e/1FAIpQLSffZugycOX3tUHW3uGhn5Cw0pj0fJDeIQf5oJ3EzZ-2vuj6Gg/viewform?entry.1274744182=https://twitter.com/yeniakit/status/1596471604950835200&entry.653903203=26617&usp=pp_url
",Neutral,No,Yes,No,"['News', 'Foreignpolicy']"
1570428119609139201,"https://docs.google.com/forms/d/e/1FAIpQLSffZugycOX3tUHW3uGhn5Cw0pj0fJDeIQf5oJ3EzZ-2vuj6Gg/viewform?entry.1274744182=https://twitter.com/HamitElKelle/status/1570428119609139201&entry.653903203=26617&usp=pp_url
",Negative,Yes,Yes,Yes,"['News', 'Foreignpolicy']"
1439547067337256967,"https://docs.google.com/forms/d/e/1FAIpQLSffZugycOX3tUHW3uGhn5Cw0pj0fJDeIQf5oJ3EzZ-2vuj6Gg/viewform?entry.1274744182=https://twitter.com/_melek_3451/status/1439547067337256967&entry.653903203=26617&usp=pp_url
",Neutral,Yes,No,No,['News']
1575415194708283393,"https://docs.google.com/forms/d/e/1FAIpQLSffZugycOX3tUHW3uGhn5Cw0pj0fJDeIQf5oJ3EzZ-2vuj6Gg/viewform?entry.1274744182=https://twitter.com/BozkurtYurdum05/status/1575415194708283393&entry.653903203=26617&usp=pp_url
",Neutral,Yes,Yes,No,"['News', 'Economy', 'Unemployment']"
1594561432967839745,"https://docs.google.com/forms/d/e/1FAIpQLSffZugycOX3tUHW3uGhn5Cw0pj0fJDeIQf5oJ3EzZ-2vuj6Gg/viewform?entry.1274744182=https://twitter.com/Alp14092194/status/1594561432967839745&entry.653903203=26617&usp=pp_url
",Negative,Yes,Yes,Yes,"['News', 'Election']"
1587374285190037504,"https://docs.google.com/forms/d/e/1FAIpQLSffZugycOX3tUHW3uGhn5Cw0pj0fJDeIQf5oJ3EzZ-2vuj6Gg/viewform?entry.1274744182=https://twitter.com/Asi_2506/status/1587374285190037504&entry.653903203=26617&usp=pp_url
",Negative,Yes,Yes,No,"['News', 'Democracy']"
1567256445179117570,"https://docs.google.com/forms/d/e/1FAIpQLSffZugycOX3tUHW3uGhn5Cw0pj0fJDeIQf5oJ3EzZ-2vuj6Gg/viewform?entry.1274744182=https://twitter.com/mynet/status/1567256445179117570&entry.653903203=26617&usp=pp_url
",Neutral,No,Yes,No,"['News', 'Nationalsecurity', 'Foreignpolicy']"
1547319403850727425,"https://docs.google.com/forms/d/e/1FAIpQLSffZugycOX3tUHW3uGhn5Cw0pj0fJDeIQf5oJ3EzZ-2vuj6Gg/viewform?entry.1274744182=https://twitter.com/baltal_zeynep/status/1547319403850727425&entry.653903203=26617&usp=pp_url
",Neutral,Yes,Yes,No,['News']
1564926450096013313,"https://docs.google.com/forms/d/e/1FAIpQLSffZugycOX3tUHW3uGhn5Cw0pj0fJDeIQf5oJ3EzZ-2vuj6Gg/viewform?entry.1274744182=https://twitter.com/sbolusonsoz/status/1564926450096013313&entry.653903203=26617&usp=pp_url
",Neutral,No,No,No,"['Advertisement', 'News']"
1590004680046030848,"https://docs.google.com/forms/d/e/1FAIpQLSffZugycOX3tUHW3uGhn5Cw0pj0fJDeIQf5oJ3EzZ-2vuj6Gg/viewform?entry.1274744182=https://twitter.com/SeyhanYesilbas/status/1590004680046030848&entry.653903203=26617&usp=pp_url
",Neutral,No,No,No,['News']
1586423586176307200,"https://docs.google.com/forms/d/e/1FAIpQLSffZugycOX3tUHW3uGhn5Cw0pj0fJDeIQf5oJ3EzZ-2vuj6Gg/viewform?entry.1274744182=https://twitter.com/jerryArda/status/1586423586176307200&entry.653903203=26617&usp=pp_url
",Negative,Yes,Yes,Yes,['News']
1420407025847132171,"https://docs.google.com/forms/d/e/1FAIpQLSffZugycOX3tUHW3uGhn5Cw0pj0fJDeIQf5oJ3EzZ-2vuj6Gg/viewform?entry.1274744182=https://twitter.com/btsmembo/status/1420407025847132171&entry.653903203=26617&usp=pp_url
",Neutral,No,Yes,No,['News']
1558757494998048773,"https://docs.google.com/forms/d/e/1FAIpQLSffZugycOX3tUHW3uGhn5Cw0pj0fJDeIQf5oJ3EzZ-2vuj6Gg/viewform?entry.1274744182=https://twitter.com/chnbtr/status/1558757494998048773&entry.653903203=26617&usp=pp_url
",Neutral,Yes,Yes,Yes,['News']
1595690968489119745,"https://docs.google.com/forms/d/e/1FAIpQLSffZugycOX3tUHW3uGhn5Cw0pj0fJDeIQf5oJ3EzZ-2vuj6Gg/viewform?entry.1274744182=https://twitter.com/karadavut_ercan/status/1595690968489119745&entry.653903203=26617&usp=pp_url
",Negative,Yes,Yes,Yes,"['News', 'Education', 'Terrorism', 'Nationalsecurity']"
1574660802774179840,"https://docs.google.com/forms/d/e/1FAIpQLSffZugycOX3tUHW3uGhn5Cw0pj0fJDeIQf5oJ3EzZ-2vuj6Gg/viewform?entry.1274744182=https://twitter.com/aygunpiri/status/1574660802774179840&entry.653903203=26617&usp=pp_url
",Positive,Yes,Yes,Yes,"['News', 'Economy']"
1596971986328383489,"https://docs.google.com/forms/d/e/1FAIpQLSffZugycOX3tUHW3uGhn5Cw0pj0fJDeIQf5oJ3EzZ-2vuj6Gg/viewform?entry.1274744182=https://twitter.com/kurtulussuer/status/1596971986328383489&entry.653903203=26617&usp=pp_url
",Neutral,Yes,Yes,No,"['Economy', 'Unemployment']"
1590727015686352897,"https://docs.google.com/forms/d/e/1FAIpQLSffZugycOX3tUHW3uGhn5Cw0pj0fJDeIQf5oJ3EzZ-2vuj6Gg/viewform?entry.1274744182=https://twitter.com/03_Sibelll/status/1590727015686352897&entry.653903203=26617&usp=pp_url
",Neutral,No,No,No,"['News', 'Economy']"
1591987769802645505,"https://docs.google.com/forms/d/e/1FAIpQLSffZugycOX3tUHW3uGhn5Cw0pj0fJDeIQf5oJ3EzZ-2vuj6Gg/viewform?entry.1274744182=https://twitter.com/nkulunk/status/1591987769802645505&entry.653903203=26617&usp=pp_url
",Neutral,No,Yes,No,"['Crime&justice', 'Terrorism', 'Nationalsecurity']"
1417959603342610438,"https://docs.google.com/forms/d/e/1FAIpQLSffZugycOX3tUHW3uGhn5Cw0pj0fJDeIQf5oJ3EzZ-2vuj6Gg/viewform?entry.1274744182=https://twitter.com/Werminard1903/status/1417959603342610438&entry.653903203=26617&usp=pp_url
",Positive,Yes,No,No,"['Religion', 'Sports']"
1579492472107192320,"https://docs.google.com/forms/d/e/1FAIpQLSffZugycOX3tUHW3uGhn5Cw0pj0fJDeIQf5oJ3EzZ-2vuj6Gg/viewform?entry.1274744182=https://twitter.com/65_korhan/status/1579492472107192320&entry.653903203=26617&usp=pp_url
",Negative,Yes,Yes,Yes,"['Corruption', 'Democracy', 'Election']"
1587961859831123968,"https://docs.google.com/forms/d/e/1FAIpQLSffZugycOX3tUHW3uGhn5Cw0pj0fJDeIQf5oJ3EzZ-2vuj6Gg/viewform?entry.1274744182=https://twitter.com/fatih45257836/status/1587961859831123968&entry.653903203=26617&usp=pp_url
",Positive,Yes,Yes,No,"['News', 'Corruption']"
1596807334243991552,"https://docs.google.com/forms/d/e/1FAIpQLSffZugycOX3tUHW3uGhn5Cw0pj0fJDeIQf5oJ3EzZ-2vuj6Gg/viewform?entry.1274744182=https://twitter.com/esracandan3534/status/1596807334243991552&entry.653903203=26617&usp=pp_url
",Neutral,Yes,Yes,No,"['News', 'Democracy', 'Crime&justice']"
1356926480605982728,"https://docs.google.com/forms/d/e/1FAIpQLSffZugycOX3tUHW3uGhn5Cw0pj0fJDeIQf5oJ3EzZ-2vuj6Gg/viewform?entry.1274744182=https://twitter.com/Mucahityilmz61/status/1356926480605982728&entry.653903203=26617&usp=pp_url
",Positive,Yes,No,No,"['Music&TV', 'Advertisement']"
1593649159009099777,"https://docs.google.com/forms/d/e/1FAIpQLSffZugycOX3tUHW3uGhn5Cw0pj0fJDeIQf5oJ3EzZ-2vuj6Gg/viewform?entry.1274744182=https://twitter.com/Ahmetbaran70/status/1593649159009099777&entry.653903203=26617&usp=pp_url
",Negative,Yes,Yes,Yes,"['Economy', 'Inflation&poverty']"
1591047023113142272,"https://docs.google.com/forms/d/e/1FAIpQLSffZugycOX3tUHW3uGhn5Cw0pj0fJDeIQf5oJ3EzZ-2vuj6Gg/viewform?entry.1274744182=https://twitter.com/OzlmBzn/status/1591047023113142272&entry.653903203=26617&usp=pp_url
",Neutral,Yes,Yes,No,"['Unemployment', 'Education']"
1571768239050342400,"https://docs.google.com/forms/d/e/1FAIpQLSffZugycOX3tUHW3uGhn5Cw0pj0fJDeIQf5oJ3EzZ-2vuj6Gg/viewform?entry.1274744182=https://twitter.com/DilfirazDegerli/status/1571768239050342400&entry.653903203=26617&usp=pp_url
",Neutral,No,Yes,No,['News']
1591134795379396608,"https://docs.google.com/forms/d/e/1FAIpQLSffZugycOX3tUHW3uGhn5Cw0pj0fJDeIQf5oJ3EzZ-2vuj6Gg/viewform?entry.1274744182=https://twitter.com/nurayytugbaa/status/1591134795379396608&entry.653903203=26617&usp=pp_url
",Positive,Yes,Yes,No,"['Unemployment', 'Education']"
1561997837671464960,"https://docs.google.com/forms/d/e/1FAIpQLSffZugycOX3tUHW3uGhn5Cw0pj0fJDeIQf5oJ3EzZ-2vuj6Gg/viewform?entry.1274744182=https://twitter.com/saOrdu8/status/1561997837671464960&entry.653903203=26617&usp=pp_url
",Negative,Yes,Yes,No,"['News', 'Election']"
1562853131251118081,"https://docs.google.com/forms/d/e/1FAIpQLSffZugycOX3tUHW3uGhn5Cw0pj0fJDeIQf5oJ3EzZ-2vuj6Gg/viewform?entry.1274744182=https://twitter.com/akanturker/status/1562853131251118081&entry.653903203=26617&usp=pp_url
",Positive,Yes,No,No,"['News', 'Democracy']"
1596501798839549953,"https://docs.google.com/forms/d/e/1FAIpQLSffZugycOX3tUHW3uGhn5Cw0pj0fJDeIQf5oJ3EzZ-2vuj6Gg/viewform?entry.1274744182=https://twitter.com/betl2_mina/status/1596501798839549953&entry.653903203=26617&usp=pp_url
",Negative,Yes,Yes,Yes,"['News', 'Corruption', 'Election']"
1572287608197386240,"https://docs.google.com/forms/d/e/1FAIpQLSffZugycOX3tUHW3uGhn5Cw0pj0fJDeIQf5oJ3EzZ-2vuj6Gg/viewform?entry.1274744182=https://twitter.com/atamaolsa2020/status/1572287608197386240&entry.653903203=26617&usp=pp_url
",Neutral,Yes,Yes,No,"['Unemployment', 'Education']"
1388828025052147713,"https://docs.google.com/forms/d/e/1FAIpQLSffZugycOX3tUHW3uGhn5Cw0pj0fJDeIQf5oJ3EzZ-2vuj6Gg/viewform?entry.1274744182=https://twitter.com/birberfiin/status/1388828025052147713&entry.653903203=26617&usp=pp_url
",Neutral,Yes,No,No,"['Music&TV', 'News']"
1358731755176538120,"https://docs.google.com/forms/d/e/1FAIpQLSffZugycOX3tUHW3uGhn5Cw0pj0fJDeIQf5oJ3EzZ-2vuj6Gg/viewform?entry.1274744182=https://twitter.com/EmmoglununSesi/status/1358731755176538120&entry.653903203=26617&usp=pp_url
",Positive,Yes,No,No,"['News', 'Election']"
1347518504891801601,"https://docs.google.com/forms/d/e/1FAIpQLSffZugycOX3tUHW3uGhn5Cw0pj0fJDeIQf5oJ3EzZ-2vuj6Gg/viewform?entry.1274744182=https://twitter.com/bangtanleyaJ/status/1347518504891801601&entry.653903203=26617&usp=pp_url
",Positive,Yes,No,No,['nan']
1350728837756293123,"https://docs.google.com/forms/d/e/1FAIpQLSffZugycOX3tUHW3uGhn5Cw0pj0fJDeIQf5oJ3EzZ-2vuj6Gg/viewform?entry.1274744182=https://twitter.com/ali_incebay/status/1350728837756293123&entry.653903203=26617&usp=pp_url
",Positive,Yes,No,No,['nan']
1579150318402621440,"https://docs.google.com/forms/d/e/1FAIpQLSffZugycOX3tUHW3uGhn5Cw0pj0fJDeIQf5oJ3EzZ-2vuj6Gg/viewform?entry.1274744182=https://twitter.com/Ahmettunaberk1/status/1579150318402621440&entry.653903203=26617&usp=pp_url
",Positive,Yes,Yes,No,"['Unemployment', 'Education']"
1451110101616664577,"https://docs.google.com/forms/d/e/1FAIpQLSffZugycOX3tUHW3uGhn5Cw0pj0fJDeIQf5oJ3EzZ-2vuj6Gg/viewform?entry.1274744182=https://twitter.com/sampiyon_fb34/status/1451110101616664577&entry.653903203=26617&usp=pp_url
",Positive,Yes,No,No,['nan']
1583792914039472133,"https://docs.google.com/forms/d/e/1FAIpQLSffZugycOX3tUHW3uGhn5Cw0pj0fJDeIQf5oJ3EzZ-2vuj6Gg/viewform?entry.1274744182=https://twitter.com/EminEre53620040/status/1583792914039472133&entry.653903203=26617&usp=pp_url
",Positive,Yes,Yes,No,"['Unemployment', 'Education']"
1348177170418589698,"https://docs.google.com/forms/d/e/1FAIpQLSffZugycOX3tUHW3uGhn5Cw0pj0fJDeIQf5oJ3EzZ-2vuj6Gg/viewform?entry.1274744182=https://twitter.com/arslanzehra278/status/1348177170418589698&entry.653903203=26617&usp=pp_url
",Positive,Yes,No,No,['nan']
1595434998915629056,"https://docs.google.com/forms/d/e/1FAIpQLSffZugycOX3tUHW3uGhn5Cw0pj0fJDeIQf5oJ3EzZ-2vuj6Gg/viewform?entry.1274744182=https://twitter.com/HALMEYAZIC1/status/1595434998915629056&entry.653903203=26617&usp=pp_url
",Negative,Yes,Yes,No,['Unemployment']
1597512443328167936,"https://docs.google.com/forms/d/e/1FAIpQLSffZugycOX3tUHW3uGhn5Cw0pj0fJDeIQf5oJ3EzZ-2vuj6Gg/viewform?entry.1274744182=https://twitter.com/MehmetA41362904/status/1597512443328167936&entry.653903203=26617&usp=pp_url
",Negative,Yes,Yes,Yes,"['Corruption', 'Crime&justice']"
1588249024116981760,"https://docs.google.com/forms/d/e/1FAIpQLSffZugycOX3tUHW3uGhn5Cw0pj0fJDeIQf5oJ3EzZ-2vuj6Gg/viewform?entry.1274744182=https://twitter.com/Turan_sener78/status/1588249024116981760&entry.653903203=26617&usp=pp_url
",Neutral,Yes,Yes,No,['Unemployment']
1554481836683845632,"https://docs.google.com/forms/d/e/1FAIpQLSffZugycOX3tUHW3uGhn5Cw0pj0fJDeIQf5oJ3EzZ-2vuj6Gg/viewform?entry.1274744182=https://twitter.com/Sonhaber_46/status/1554481836683845632&entry.653903203=26617&usp=pp_url
",Neutral,No,No,No,['Terrorism']
1591133865363800065,"https://docs.google.com/forms/d/e/1FAIpQLSffZugycOX3tUHW3uGhn5Cw0pj0fJDeIQf5oJ3EzZ-2vuj6Gg/viewform?entry.1274744182=https://twitter.com/e_uznyl/status/1591133865363800065&entry.653903203=26617&usp=pp_url
",Neutral,Yes,Yes,No,['Unemployment']
1597274845381029888,"https://docs.google.com/forms/d/e/1FAIpQLSffZugycOX3tUHW3uGhn5Cw0pj0fJDeIQf5oJ3EzZ-2vuj6Gg/viewform?entry.1274744182=https://twitter.com/ygzunsl/status/1597274845381029888&entry.653903203=26617&usp=pp_url
",Neutral,Yes,Yes,No,['Crime&justice']
1561033842059841543,"https://docs.google.com/forms/d/e/1FAIpQLSffZugycOX3tUHW3uGhn5Cw0pj0fJDeIQf5oJ3EzZ-2vuj6Gg/viewform?entry.1274744182=https://twitter.com/temizsu4/status/1561033842059841543&entry.653903203=26617&usp=pp_url
",Neutral,Yes,Yes,No,"['News', 'Economy', 'Election']"
1596222663869231104,"https://docs.google.com/forms/d/e/1FAIpQLSffZugycOX3tUHW3uGhn5Cw0pj0fJDeIQf5oJ3EzZ-2vuj6Gg/viewform?entry.1274744182=https://twitter.com/sebtuba/status/1596222663869231104&entry.653903203=26617&usp=pp_url
",Positive,Yes,Yes,No,['News']
1407293368699338765,"https://docs.google.com/forms/d/e/1FAIpQLSffZugycOX3tUHW3uGhn5Cw0pj0fJDeIQf5oJ3EzZ-2vuj6Gg/viewform?entry.1274744182=https://twitter.com/DrCetinArik/status/1407293368699338765&entry.653903203=26617&usp=pp_url
",Neutral,No,Yes,No,"['News', 'Election', 'Crime&justice']"
1391650047146831873,"https://docs.google.com/forms/d/e/1FAIpQLSffZugycOX3tUHW3uGhn5Cw0pj0fJDeIQf5oJ3EzZ-2vuj6Gg/viewform?entry.1274744182=https://twitter.com/salar1071/status/1391650047146831873&entry.653903203=26617&usp=pp_url
",Neutral,No,No,No,"['News', 'Terrorism', 'Nationalsecurity']"
1567137357110861827,"https://docs.google.com/forms/d/e/1FAIpQLSffZugycOX3tUHW3uGhn5Cw0pj0fJDeIQf5oJ3EzZ-2vuj6Gg/viewform?entry.1274744182=https://twitter.com/DevrimKRDLN/status/1567137357110861827&entry.653903203=26617&usp=pp_url
",Neutral,Yes,Yes,No,['Unemployment']
1578448632533028865,"https://docs.google.com/forms/d/e/1FAIpQLSffZugycOX3tUHW3uGhn5Cw0pj0fJDeIQf5oJ3EzZ-2vuj6Gg/viewform?entry.1274744182=https://twitter.com/osman43026850/status/1578448632533028865&entry.653903203=26617&usp=pp_url
",Neutral,Yes,Yes,Yes,['nan']
1583499242307727366,"https://docs.google.com/forms/d/e/1FAIpQLSffZugycOX3tUHW3uGhn5Cw0pj0fJDeIQf5oJ3EzZ-2vuj6Gg/viewform?entry.1274744182=https://twitter.com/bekgozs/status/1583499242307727366&entry.653903203=26617&usp=pp_url
",Negative,Yes,Yes,No,['News']
1577039856164737024,"https://docs.google.com/forms/d/e/1FAIpQLSffZugycOX3tUHW3uGhn5Cw0pj0fJDeIQf5oJ3EzZ-2vuj6Gg/viewform?entry.1274744182=https://twitter.com/BerkBtc/status/1577039856164737024&entry.653903203=26617&usp=pp_url
",Neutral,Yes,Yes,Yes,['Election']
1577024342268837888,"https://docs.google.com/forms/d/e/1FAIpQLSffZugycOX3tUHW3uGhn5Cw0pj0fJDeIQf5oJ3EzZ-2vuj6Gg/viewform?entry.1274744182=https://twitter.com/HasAngarali/status/1577024342268837888&entry.653903203=26617&usp=pp_url
",Negative,Yes,Yes,Yes,"['News', 'Crime&justice']"
1597626307176968192,"https://docs.google.com/forms/d/e/1FAIpQLSffZugycOX3tUHW3uGhn5Cw0pj0fJDeIQf5oJ3EzZ-2vuj6Gg/viewform?entry.1274744182=https://twitter.com/Hatice45153529/status/1597626307176968192&entry.653903203=26617&usp=pp_url
",Neutral,No,Yes,No,"['News', 'Democracy']"
1590411668072562689,"https://docs.google.com/forms/d/e/1FAIpQLSffZugycOX3tUHW3uGhn5Cw0pj0fJDeIQf5oJ3EzZ-2vuj6Gg/viewform?entry.1274744182=https://twitter.com/ecza1642/status/1590411668072562689&entry.653903203=26617&usp=pp_url
",Negative,Yes,Yes,No,"['Unemployment', 'Corruption', 'Health']"
1581887286471700481,"https://docs.google.com/forms/d/e/1FAIpQLSffZugycOX3tUHW3uGhn5Cw0pj0fJDeIQf5oJ3EzZ-2vuj6Gg/viewform?entry.1274744182=https://twitter.com/msilver8282/status/1581887286471700481&entry.653903203=26617&usp=pp_url
",Neutral,Yes,Yes,No,"['Nationalsecurity', 'Foreignpolicy']"
1593853632943906816,"https://docs.google.com/forms/d/e/1FAIpQLSffZugycOX3tUHW3uGhn5Cw0pj0fJDeIQf5oJ3EzZ-2vuj6Gg/viewform?entry.1274744182=https://twitter.com/SAVASS3460/status/1593853632943906816&entry.653903203=26617&usp=pp_url
",Negative,Yes,Yes,Yes,['News']
1408760285020700675,"https://docs.google.com/forms/d/e/1FAIpQLSffZugycOX3tUHW3uGhn5Cw0pj0fJDeIQf5oJ3EzZ-2vuj6Gg/viewform?entry.1274744182=https://twitter.com/FNurKaptanoglu/status/1408760285020700675&entry.653903203=26617&usp=pp_url
",Neutral,Yes,No,No,['nan']
1583085619760492546,"https://docs.google.com/forms/d/e/1FAIpQLSffZugycOX3tUHW3uGhn5Cw0pj0fJDeIQf5oJ3EzZ-2vuj6Gg/viewform?entry.1274744182=https://twitter.com/HasanGvenMert1/status/1583085619760492546&entry.653903203=26617&usp=pp_url
",Positive,Yes,Yes,No,"['Economy', 'Election', 'Crime&justice']"
1586421662878031873,"https://docs.google.com/forms/d/e/1FAIpQLSffZugycOX3tUHW3uGhn5Cw0pj0fJDeIQf5oJ3EzZ-2vuj6Gg/viewform?entry.1274744182=https://twitter.com/ZGRLKNEGZEL1/status/1586421662878031873&entry.653903203=26617&usp=pp_url
",Neutral,Yes,Yes,No,"['Election', 'Crime&justice']"
1580649735295500288,"https://docs.google.com/forms/d/e/1FAIpQLSffZugycOX3tUHW3uGhn5Cw0pj0fJDeIQf5oJ3EzZ-2vuj6Gg/viewform?entry.1274744182=https://twitter.com/ilkayilhan0202/status/1580649735295500288&entry.653903203=26617&usp=pp_url
",Negative,Yes,Yes,No,"['Religion', 'Sports', 'Minorities&discrimination']"
1597050155320377344,"https://docs.google.com/forms/d/e/1FAIpQLSffZugycOX3tUHW3uGhn5Cw0pj0fJDeIQf5oJ3EzZ-2vuj6Gg/viewform?entry.1274744182=https://twitter.com/Adaleticin4A/status/1597050155320377344&entry.653903203=26617&usp=pp_url
",Neutral,Yes,Yes,No,['Crime&justice']
1594977932711440384,"https://docs.google.com/forms/d/e/1FAIpQLSffZugycOX3tUHW3uGhn5Cw0pj0fJDeIQf5oJ3EzZ-2vuj6Gg/viewform?entry.1274744182=https://twitter.com/kubraku73626060/status/1594977932711440384&entry.653903203=26617&usp=pp_url
",Neutral,Yes,Yes,No,"['Unemployment', 'Education']"
1549391658680291328,"https://docs.google.com/forms/d/e/1FAIpQLSffZugycOX3tUHW3uGhn5Cw0pj0fJDeIQf5oJ3EzZ-2vuj6Gg/viewform?entry.1274744182=https://twitter.com/NafakaHaram/status/1549391658680291328&entry.653903203=26617&usp=pp_url
",Neutral,Yes,Yes,No,"['News', 'Economy', 'Unemployment', 'Crime&justice']"
1596172692712935424,"https://docs.google.com/forms/d/e/1FAIpQLSffZugycOX3tUHW3uGhn5Cw0pj0fJDeIQf5oJ3EzZ-2vuj6Gg/viewform?entry.1274744182=https://twitter.com/OE_ozgurertas/status/1596172692712935424&entry.653903203=26617&usp=pp_url
",Neutral,No,No,No,['News']
1450403067384537092,"https://docs.google.com/forms/d/e/1FAIpQLSffZugycOX3tUHW3uGhn5Cw0pj0fJDeIQf5oJ3EzZ-2vuj6Gg/viewform?entry.1274744182=https://twitter.com/AlonsaBerit/status/1450403067384537092&entry.653903203=26617&usp=pp_url
",Positive,Yes,No,No,['nan']
1345482817459908610,"https://docs.google.com/forms/d/e/1FAIpQLSffZugycOX3tUHW3uGhn5Cw0pj0fJDeIQf5oJ3EzZ-2vuj6Gg/viewform?entry.1274744182=https://twitter.com/MGAZNEL/status/1345482817459908610&entry.653903203=26617&usp=pp_url
",Positive,Yes,No,No,['Sports']
1585651759204208642,"https://docs.google.com/forms/d/e/1FAIpQLSffZugycOX3tUHW3uGhn5Cw0pj0fJDeIQf5oJ3EzZ-2vuj6Gg/viewform?entry.1274744182=https://twitter.com/Seyhannky/status/1585651759204208642&entry.653903203=26617&usp=pp_url
",Negative,Yes,Yes,No,['Health']
1386317056291885061,"https://docs.google.com/forms/d/e/1FAIpQLSffZugycOX3tUHW3uGhn5Cw0pj0fJDeIQf5oJ3EzZ-2vuj6Gg/viewform?entry.1274744182=https://twitter.com/citroengapel/status/1386317056291885061&entry.653903203=26617&usp=pp_url
",Neutral,No,No,No,['Advertisement']
1580607735196012545,"https://docs.google.com/forms/d/e/1FAIpQLSffZugycOX3tUHW3uGhn5Cw0pj0fJDeIQf5oJ3EzZ-2vuj6Gg/viewform?entry.1274744182=https://twitter.com/indiryo/status/1580607735196012545&entry.653903203=26617&usp=pp_url
",Neutral,No,Yes,No,"['Democracy', 'Election']"
1570147256904617984,"https://docs.google.com/forms/d/e/1FAIpQLSffZugycOX3tUHW3uGhn5Cw0pj0fJDeIQf5oJ3EzZ-2vuj6Gg/viewform?entry.1274744182=https://twitter.com/Gunes__Faruk/status/1570147256904617984&entry.653903203=26617&usp=pp_url
",Negative,Yes,Yes,No,"['Unemployment', 'Health']"
1595296036335091714,"https://docs.google.com/forms/d/e/1FAIpQLSffZugycOX3tUHW3uGhn5Cw0pj0fJDeIQf5oJ3EzZ-2vuj6Gg/viewform?entry.1274744182=https://twitter.com/liderim_erdogan/status/1595296036335091714&entry.653903203=26617&usp=pp_url
",Negative,Yes,Yes,Yes,"['Democracy', 'Terrorism', 'Nationalsecurity']"
1594760086882340864,"https://docs.google.com/forms/d/e/1FAIpQLSffZugycOX3tUHW3uGhn5Cw0pj0fJDeIQf5oJ3EzZ-2vuj6Gg/viewform?entry.1274744182=https://twitter.com/nn0707_nn/status/1594760086882340864&entry.653903203=26617&usp=pp_url
",Neutral,Yes,Yes,No,['Unemployment']
1446986802552877059,"https://docs.google.com/forms/d/e/1FAIpQLSffZugycOX3tUHW3uGhn5Cw0pj0fJDeIQf5oJ3EzZ-2vuj6Gg/viewform?entry.1274744182=https://twitter.com/DecartNiche/status/1446986802552877059&entry.653903203=26617&usp=pp_url
",Neutral,No,No,No,['nan']
1587143952188203008,"https://docs.google.com/forms/d/e/1FAIpQLSffZugycOX3tUHW3uGhn5Cw0pj0fJDeIQf5oJ3EzZ-2vuj6Gg/viewform?entry.1274744182=https://twitter.com/_____112____/status/1587143952188203008&entry.653903203=26617&usp=pp_url
",Neutral,Yes,Yes,No,['Unemployment']
1596235722906042368,"https://docs.google.com/forms/d/e/1FAIpQLSffZugycOX3tUHW3uGhn5Cw0pj0fJDeIQf5oJ3EzZ-2vuj6Gg/viewform?entry.1274744182=https://twitter.com/ramazan21l/status/1596235722906042368&entry.653903203=26617&usp=pp_url
",Negative,Yes,Yes,Yes,"['Democracy', 'Election']"
1584978165583474688,"https://docs.google.com/forms/d/e/1FAIpQLSffZugycOX3tUHW3uGhn5Cw0pj0fJDeIQf5oJ3EzZ-2vuj6Gg/viewform?entry.1274744182=https://twitter.com/Doan540221931/status/1584978165583474688&entry.653903203=26617&usp=pp_url
",Negative,Yes,Yes,No,"['Economy', 'Nationalsecurity', 'Foreignpolicy']"
1597535332299599875,"https://docs.google.com/forms/d/e/1FAIpQLSffZugycOX3tUHW3uGhn5Cw0pj0fJDeIQf5oJ3EzZ-2vuj6Gg/viewform?entry.1274744182=https://twitter.com/esrakrlnks61/status/1597535332299599875&entry.653903203=26617&usp=pp_url
",Neutral,No,No,No,['nan']
1589273128475451392,"https://docs.google.com/forms/d/e/1FAIpQLSffZugycOX3tUHW3uGhn5Cw0pj0fJDeIQf5oJ3EzZ-2vuj6Gg/viewform?entry.1274744182=https://twitter.com/buse40561194/status/1589273128475451392&entry.653903203=26617&usp=pp_url
",Positive,Yes,Yes,No,"['Economy', 'Democracy']"
1447296246994153479,"https://docs.google.com/forms/d/e/1FAIpQLSffZugycOX3tUHW3uGhn5Cw0pj0fJDeIQf5oJ3EzZ-2vuj6Gg/viewform?entry.1274744182=https://twitter.com/burkay_libright/status/1447296246994153479&entry.653903203=26617&usp=pp_url
",Neutral,Yes,No,No,['Music&TV']
1352635736537882629,"https://docs.google.com/forms/d/e/1FAIpQLSffZugycOX3tUHW3uGhn5Cw0pj0fJDeIQf5oJ3EzZ-2vuj6Gg/viewform?entry.1274744182=https://twitter.com/Limit_less_Life/status/1352635736537882629&entry.653903203=26617&usp=pp_url
",Negative,Yes,No,No,['Health']
1571266689584480259,"https://docs.google.com/forms/d/e/1FAIpQLSffZugycOX3tUHW3uGhn5Cw0pj0fJDeIQf5oJ3EzZ-2vuj6Gg/viewform?entry.1274744182=https://twitter.com/ZerdushtZagros/status/1571266689584480259&entry.653903203=26617&usp=pp_url
",Negative,Yes,Yes,No,['Foreignpolicy']
1592120408073203712,"https://docs.google.com/forms/d/e/1FAIpQLSffZugycOX3tUHW3uGhn5Cw0pj0fJDeIQf5oJ3EzZ-2vuj6Gg/viewform?entry.1274744182=https://twitter.com/shingensbanner/status/1592120408073203712&entry.653903203=26617&usp=pp_url
",Negative,Yes,Yes,Yes,"['News', 'Terrorism']"
1352504656585510912,"https://docs.google.com/forms/d/e/1FAIpQLSffZugycOX3tUHW3uGhn5Cw0pj0fJDeIQf5oJ3EzZ-2vuj6Gg/viewform?entry.1274744182=https://twitter.com/bedo85625144/status/1352504656585510912&entry.653903203=26617&usp=pp_url
",Neutral,Yes,No,No,"['News', 'Health']"
1357870034140422145,"https://docs.google.com/forms/d/e/1FAIpQLSffZugycOX3tUHW3uGhn5Cw0pj0fJDeIQf5oJ3EzZ-2vuj6Gg/viewform?entry.1274744182=https://twitter.com/likemultifandom/status/1357870034140422145&entry.653903203=26617&usp=pp_url
",Positive,Yes,No,No,['Music&TV']
1594774383318470671,"https://docs.google.com/forms/d/e/1FAIpQLSffZugycOX3tUHW3uGhn5Cw0pj0fJDeIQf5oJ3EzZ-2vuj6Gg/viewform?entry.1274744182=https://twitter.com/IsilAcehan/status/1594774383318470671&entry.653903203=26617&usp=pp_url
",Negative,Yes,No,No,['News']
1595357036925026306,"https://docs.google.com/forms/d/e/1FAIpQLSffZugycOX3tUHW3uGhn5Cw0pj0fJDeIQf5oJ3EzZ-2vuj6Gg/viewform?entry.1274744182=https://twitter.com/Zeynepvcl/status/1595357036925026306&entry.653903203=26617&usp=pp_url
",Neutral,Yes,Yes,No,"['Unemployment', 'Education']"
1594246341969985544,"https://docs.google.com/forms/d/e/1FAIpQLSffZugycOX3tUHW3uGhn5Cw0pj0fJDeIQf5oJ3EzZ-2vuj6Gg/viewform?entry.1274744182=https://twitter.com/ibrahimavcu10/status/1594246341969985544&entry.653903203=26617&usp=pp_url
",Negative,Yes,Yes,No,"['Religion', 'Economy', 'Inflation&poverty']"
1443617526966099973,"https://docs.google.com/forms/d/e/1FAIpQLSffZugycOX3tUHW3uGhn5Cw0pj0fJDeIQf5oJ3EzZ-2vuj6Gg/viewform?entry.1274744182=https://twitter.com/votkajelibon/status/1443617526966099973&entry.653903203=26617&usp=pp_url
",Negative,Yes,No,Yes,['Sports']
1585217774351450113,"https://docs.google.com/forms/d/e/1FAIpQLSffZugycOX3tUHW3uGhn5Cw0pj0fJDeIQf5oJ3EzZ-2vuj6Gg/viewform?entry.1274744182=https://twitter.com/bilaltas1903/status/1585217774351450113&entry.653903203=26617&usp=pp_url
",Negative,Yes,Yes,No,"['Democracy', 'Crime&justice']"
1587407727290114051,"https://docs.google.com/forms/d/e/1FAIpQLSffZugycOX3tUHW3uGhn5Cw0pj0fJDeIQf5oJ3EzZ-2vuj6Gg/viewform?entry.1274744182=https://twitter.com/HsamettinGgeba/status/1587407727290114051&entry.653903203=26617&usp=pp_url
",Negative,Yes,Yes,No,"['Advertisement', 'Election']"
1359041362771984386,"https://docs.google.com/forms/d/e/1FAIpQLSffZugycOX3tUHW3uGhn5Cw0pj0fJDeIQf5oJ3EzZ-2vuj6Gg/viewform?entry.1274744182=https://twitter.com/kadiroezer/status/1359041362771984386&entry.653903203=26617&usp=pp_url
",Positive,Yes,No,No,['nan']
1585358759123374080,"https://docs.google.com/forms/d/e/1FAIpQLSffZugycOX3tUHW3uGhn5Cw0pj0fJDeIQf5oJ3EzZ-2vuj6Gg/viewform?entry.1274744182=https://twitter.com/Tulpar75175495/status/1585358759123374080&entry.653903203=26617&usp=pp_url
",Negative,Yes,Yes,Yes,"['Democracy', 'Crime&justice']"
1583421404984201217,"https://docs.google.com/forms/d/e/1FAIpQLSffZugycOX3tUHW3uGhn5Cw0pj0fJDeIQf5oJ3EzZ-2vuj6Gg/viewform?entry.1274744182=https://twitter.com/Ali19446346/status/1583421404984201217&entry.653903203=26617&usp=pp_url
",Neutral,Yes,No,No,['Unemployment']
1586780176478007296,"https://docs.google.com/forms/d/e/1FAIpQLSffZugycOX3tUHW3uGhn5Cw0pj0fJDeIQf5oJ3EzZ-2vuj6Gg/viewform?entry.1274744182=https://twitter.com/RCosmuslu/status/1586780176478007296&entry.653903203=26617&usp=pp_url
",Neutral,Yes,Yes,No,"['Unemployment', 'Education']"
1586021183958704128,"https://docs.google.com/forms/d/e/1FAIpQLSffZugycOX3tUHW3uGhn5Cw0pj0fJDeIQf5oJ3EzZ-2vuj6Gg/viewform?entry.1274744182=https://twitter.com/spytron/status/1586021183958704128&entry.653903203=26617&usp=pp_url
",Neutral,Yes,Yes,No,"['Democracy', 'Election']"
1595098534960840713,"https://docs.google.com/forms/d/e/1FAIpQLSffZugycOX3tUHW3uGhn5Cw0pj0fJDeIQf5oJ3EzZ-2vuj6Gg/viewform?entry.1274744182=https://twitter.com/huseyin35_35_/status/1595098534960840713&entry.653903203=26617&usp=pp_url
",Negative,Yes,Yes,Yes,['Religion']
1415032260571680768,"https://docs.google.com/forms/d/e/1FAIpQLSffZugycOX3tUHW3uGhn5Cw0pj0fJDeIQf5oJ3EzZ-2vuj6Gg/viewform?entry.1274744182=https://twitter.com/savasxozkan/status/1415032260571680768&entry.653903203=26617&usp=pp_url
",Positive,Yes,No,No,['Sports']
1596557035155382272,"https://docs.google.com/forms/d/e/1FAIpQLSffZugycOX3tUHW3uGhn5Cw0pj0fJDeIQf5oJ3EzZ-2vuj6Gg/viewform?entry.1274744182=https://twitter.com/FatmaYi65678547/status/1596557035155382272&entry.653903203=26617&usp=pp_url
",Neutral,Yes,Yes,No,"['Unemployment', 'Education']"
1585169834765348864,"https://docs.google.com/forms/d/e/1FAIpQLSffZugycOX3tUHW3uGhn5Cw0pj0fJDeIQf5oJ3EzZ-2vuj6Gg/viewform?entry.1274744182=https://twitter.com/mustafakuyu/status/1585169834765348864&entry.653903203=26617&usp=pp_url
",Negative,Yes,Yes,No,"['News', 'Terrorism', 'Foreignpolicy']"
1591797089134338048,"https://docs.google.com/forms/d/e/1FAIpQLSffZugycOX3tUHW3uGhn5Cw0pj0fJDeIQf5oJ3EzZ-2vuj6Gg/viewform?entry.1274744182=https://twitter.com/15binparamedik/status/1591797089134338048&entry.653903203=26617&usp=pp_url
",Neutral,Yes,Yes,No,"['Unemployment', 'Health']"
1579558096833511424,"https://docs.google.com/forms/d/e/1FAIpQLSffZugycOX3tUHW3uGhn5Cw0pj0fJDeIQf5oJ3EzZ-2vuj6Gg/viewform?entry.1274744182=https://twitter.com/hiranur55508054/status/1579558096833511424&entry.653903203=26617&usp=pp_url
",Positive,Yes,Yes,No,"['Education', 'Election']"
1585766233491886081,"https://docs.google.com/forms/d/e/1FAIpQLSffZugycOX3tUHW3uGhn5Cw0pj0fJDeIQf5oJ3EzZ-2vuj6Gg/viewform?entry.1274744182=https://twitter.com/ekalkanli2023/status/1585766233491886081&entry.653903203=26617&usp=pp_url
",Neutral,No,Yes,Yes,"['Democracy', 'Election']"
1405639512705933320,"https://docs.google.com/forms/d/e/1FAIpQLSffZugycOX3tUHW3uGhn5Cw0pj0fJDeIQf5oJ3EzZ-2vuj6Gg/viewform?entry.1274744182=https://twitter.com/kahrolansol/status/1405639512705933320&entry.653903203=26617&usp=pp_url
",Positive,Yes,No,No,['nan']
1594755821178601511,"https://docs.google.com/forms/d/e/1FAIpQLSffZugycOX3tUHW3uGhn5Cw0pj0fJDeIQf5oJ3EzZ-2vuj6Gg/viewform?entry.1274744182=https://twitter.com/MavishifAa/status/1594755821178601511&entry.653903203=26617&usp=pp_url
",Negative,Yes,Yes,No,"['Democracy', 'Terrorism']"
1428314122295422989,"https://docs.google.com/forms/d/e/1FAIpQLSffZugycOX3tUHW3uGhn5Cw0pj0fJDeIQf5oJ3EzZ-2vuj6Gg/viewform?entry.1274744182=https://twitter.com/omerboga_png/status/1428314122295422989&entry.653903203=26617&usp=pp_url
",Neutral,Yes,No,No,['nan']
1591139074844213249,"https://docs.google.com/forms/d/e/1FAIpQLSffZugycOX3tUHW3uGhn5Cw0pj0fJDeIQf5oJ3EzZ-2vuj6Gg/viewform?entry.1274744182=https://twitter.com/muy4t/status/1591139074844213249&entry.653903203=26617&usp=pp_url
",Neutral,Yes,Yes,No,['Unemployment']
1592579803739090944,"https://docs.google.com/forms/d/e/1FAIpQLSffZugycOX3tUHW3uGhn5Cw0pj0fJDeIQf5oJ3EzZ-2vuj6Gg/viewform?entry.1274744182=https://twitter.com/Svmhrtkdstr/status/1592579803739090944&entry.653903203=26617&usp=pp_url
",Neutral,Yes,Yes,No,"['Unemployment', 'Education']"
1365726640416976906,"https://docs.google.com/forms/d/e/1FAIpQLSffZugycOX3tUHW3uGhn5Cw0pj0fJDeIQf5oJ3EzZ-2vuj6Gg/viewform?entry.1274744182=https://twitter.com/minminsoz/status/1365726640416976906&entry.653903203=26617&usp=pp_url
",Neutral,Yes,No,No,['nan']
1596394245874647040,"https://docs.google.com/forms/d/e/1FAIpQLSffZugycOX3tUHW3uGhn5Cw0pj0fJDeIQf5oJ3EzZ-2vuj6Gg/viewform?entry.1274744182=https://twitter.com/efendi_inan/status/1596394245874647040&entry.653903203=26617&usp=pp_url
",Negative,Yes,Yes,No,['News']
1548636597628899328,"https://docs.google.com/forms/d/e/1FAIpQLSffZugycOX3tUHW3uGhn5Cw0pj0fJDeIQf5oJ3EzZ-2vuj6Gg/viewform?entry.1274744182=https://twitter.com/canbulut3460/status/1548636597628899328&entry.653903203=26617&usp=pp_url
",Neutral,No,Yes,No,"['Education', 'Election']"
1543229847736041476,"https://docs.google.com/forms/d/e/1FAIpQLSffZugycOX3tUHW3uGhn5Cw0pj0fJDeIQf5oJ3EzZ-2vuj6Gg/viewform?entry.1274744182=https://twitter.com/OsmanTu59587926/status/1543229847736041476&entry.653903203=26617&usp=pp_url
",Neutral,No,No,No,['nan']
1559963768372740098,"https://docs.google.com/forms/d/e/1FAIpQLSffZugycOX3tUHW3uGhn5Cw0pj0fJDeIQf5oJ3EzZ-2vuj6Gg/viewform?entry.1274744182=https://twitter.com/awfhdsr6/status/1559963768372740098&entry.653903203=26617&usp=pp_url
",Neutral,Yes,Yes,No,['Unemployment']
1359870956223803395,"https://docs.google.com/forms/d/e/1FAIpQLSffZugycOX3tUHW3uGhn5Cw0pj0fJDeIQf5oJ3EzZ-2vuj6Gg/viewform?entry.1274744182=https://twitter.com/Bodrumluerol/status/1359870956223803395&entry.653903203=26617&usp=pp_url
",Positive,Yes,No,No,['nan']
1589993032975544320,"https://docs.google.com/forms/d/e/1FAIpQLSffZugycOX3tUHW3uGhn5Cw0pj0fJDeIQf5oJ3EzZ-2vuj6Gg/viewform?entry.1274744182=https://twitter.com/hasannegr/status/1589993032975544320&entry.653903203=26617&usp=pp_url
",Negative,Yes,Yes,Yes,"['Democracy', 'Election']"
1584584259217412102,"https://docs.google.com/forms/d/e/1FAIpQLSffZugycOX3tUHW3uGhn5Cw0pj0fJDeIQf5oJ3EzZ-2vuj6Gg/viewform?entry.1274744182=https://twitter.com/sevincbusra4/status/1584584259217412102&entry.653903203=26617&usp=pp_url
",Neutral,Yes,Yes,No,"['Unemployment', 'Education']"
1594425891488399361,"https://docs.google.com/forms/d/e/1FAIpQLSffZugycOX3tUHW3uGhn5Cw0pj0fJDeIQf5oJ3EzZ-2vuj6Gg/viewform?entry.1274744182=https://twitter.com/BuseAks02238136/status/1594425891488399361&entry.653903203=26617&usp=pp_url
",Neutral,Yes,Yes,No,"['Economy', 'Unemployment']"
1573370798286462976,"https://docs.google.com/forms/d/e/1FAIpQLSffZugycOX3tUHW3uGhn5Cw0pj0fJDeIQf5oJ3EzZ-2vuj6Gg/viewform?entry.1274744182=https://twitter.com/topuz_saime/status/1573370798286462976&entry.653903203=26617&usp=pp_url
",Neutral,Yes,Yes,No,"['Unemployment', 'Health']"
1594352902197354499,"https://docs.google.com/forms/d/e/1FAIpQLSffZugycOX3tUHW3uGhn5Cw0pj0fJDeIQf5oJ3EzZ-2vuj6Gg/viewform?entry.1274744182=https://twitter.com/mehay97/status/1594352902197354499&entry.653903203=26617&usp=pp_url
",Neutral,Yes,Yes,No,"['Unemployment', 'Education']"
1354169631271870464,"https://docs.google.com/forms/d/e/1FAIpQLSffZugycOX3tUHW3uGhn5Cw0pj0fJDeIQf5oJ3EzZ-2vuj6Gg/viewform?entry.1274744182=https://twitter.com/HaticeKr11/status/1354169631271870464&entry.653903203=26617&usp=pp_url
",Neutral,Yes,No,No,['nan']
1597405572877680641,"https://docs.google.com/forms/d/e/1FAIpQLSffZugycOX3tUHW3uGhn5Cw0pj0fJDeIQf5oJ3EzZ-2vuj6Gg/viewform?entry.1274744182=https://twitter.com/MBAYZEID/status/1597405572877680641&entry.653903203=26617&usp=pp_url
",Neutral,No,No,No,['nan']
1595473216302112768,"https://docs.google.com/forms/d/e/1FAIpQLSffZugycOX3tUHW3uGhn5Cw0pj0fJDeIQf5oJ3EzZ-2vuj6Gg/viewform?entry.1274744182=https://twitter.com/Masaleda_/status/1595473216302112768&entry.653903203=26617&usp=pp_url
",Neutral,Yes,Yes,No,"['News', 'Unemployment', 'Education']"
1593627806466015237,"https://docs.google.com/forms/d/e/1FAIpQLSffZugycOX3tUHW3uGhn5Cw0pj0fJDeIQf5oJ3EzZ-2vuj6Gg/viewform?entry.1274744182=https://twitter.com/brogretmenn/status/1593627806466015237&entry.653903203=26617&usp=pp_url
",Neutral,Yes,Yes,No,"['Unemployment', 'Education']"
1434787703783051264,"https://docs.google.com/forms/d/e/1FAIpQLSffZugycOX3tUHW3uGhn5Cw0pj0fJDeIQf5oJ3EzZ-2vuj6Gg/viewform?entry.1274744182=https://twitter.com/jerviajeon/status/1434787703783051264&entry.653903203=26617&usp=pp_url
",Positive,Yes,No,No,['nan']
1568212876053159937,"https://docs.google.com/forms/d/e/1FAIpQLSffZugycOX3tUHW3uGhn5Cw0pj0fJDeIQf5oJ3EzZ-2vuj6Gg/viewform?entry.1274744182=https://twitter.com/arya__aydn/status/1568212876053159937&entry.653903203=26617&usp=pp_url
",Neutral,Yes,Yes,No,"['Unemployment', 'Health']"
1591153483524493312,"https://docs.google.com/forms/d/e/1FAIpQLSffZugycOX3tUHW3uGhn5Cw0pj0fJDeIQf5oJ3EzZ-2vuj6Gg/viewform?entry.1274744182=https://twitter.com/AlimTopcu1/status/1591153483524493312&entry.653903203=26617&usp=pp_url
",Negative,Yes,Yes,No,"['News', 'Democracy', 'Crime&justice']"
1596059884021493760,"https://docs.google.com/forms/d/e/1FAIpQLSffZugycOX3tUHW3uGhn5Cw0pj0fJDeIQf5oJ3EzZ-2vuj6Gg/viewform?entry.1274744182=https://twitter.com/Gener9Erkan/status/1596059884021493760&entry.653903203=26617&usp=pp_url
",Neutral,No,No,No,['nan']
1588452263047069697,"https://docs.google.com/forms/d/e/1FAIpQLSffZugycOX3tUHW3uGhn5Cw0pj0fJDeIQf5oJ3EzZ-2vuj6Gg/viewform?entry.1274744182=https://twitter.com/mtfdan/status/1588452263047069697&entry.653903203=26617&usp=pp_url
",Negative,Yes,Yes,No,['News']
1592440587923632128,"https://docs.google.com/forms/d/e/1FAIpQLSffZugycOX3tUHW3uGhn5Cw0pj0fJDeIQf5oJ3EzZ-2vuj6Gg/viewform?entry.1274744182=https://twitter.com/AzizErguven/status/1592440587923632128&entry.653903203=26617&usp=pp_url
",Neutral,No,No,No,"['News', 'Democracy', 'Election']"
1427339600083791885,"https://docs.google.com/forms/d/e/1FAIpQLSffZugycOX3tUHW3uGhn5Cw0pj0fJDeIQf5oJ3EzZ-2vuj6Gg/viewform?entry.1274744182=https://twitter.com/YunusGn52/status/1427339600083791885&entry.653903203=26617&usp=pp_url
",Neutral,Yes,No,No,['Sports']
1364853525579137024,"https://docs.google.com/forms/d/e/1FAIpQLSffZugycOX3tUHW3uGhn5Cw0pj0fJDeIQf5oJ3EzZ-2vuj6Gg/viewform?entry.1274744182=https://twitter.com/usahaberturk/status/1364853525579137024&entry.653903203=26617&usp=pp_url
",Neutral,No,No,No,"['Music&TV', 'News']"
1550240821898887169,"https://docs.google.com/forms/d/e/1FAIpQLSffZugycOX3tUHW3uGhn5Cw0pj0fJDeIQf5oJ3EzZ-2vuj6Gg/viewform?entry.1274744182=https://twitter.com/zuhalcans/status/1550240821898887169&entry.653903203=26617&usp=pp_url
",Neutral,Yes,Yes,No,"['News', 'Crime&justice']"
